,TIMELINE,KM_ESTIMATE
0,0.0,1.0
1,1.8466742613506741,1.0
2,1.8521499629249383,0.9993328885923948
3,1.8548878137120703,0.9986653315525861
4,1.8603635152863347,0.9986653315525861
5,1.8631013660734668,0.9979964331389538
6,1.874052769221995,0.9979964331389538
7,1.876790620009127,0.9979964331389538
8,1.8795284707962594,0.9966550400836598
9,1.8877420231576556,0.9966550400836598
10,1.9041691278804482,0.9966550400836598
11,1.9096448294547124,0.9966550400836598
12,1.9123826802418444,0.9966550400836598
13,1.9151205310289767,0.9966550400836598
14,1.9178583818161088,0.9953072983120796
15,1.928809784964637,0.9946334274262892
16,1.9315476357517691,0.9946334274262892
17,1.9342854865389014,0.9946334274262892
18,1.9370233373260335,0.9939586421973707
19,1.9397611881131656,0.9939586421973707
20,1.9452368896874297,0.9939586421973707
21,1.9671396959844865,0.9939586421973707
22,1.978091099133015,0.9939586421973707
23,1.980828949920147,0.9939586421973707
24,1.9863046514944112,0.9939586421973707
25,1.9890425022815434,0.9939586421973707
26,1.9972560546429396,0.9939586421973707
27,2.002731756217204,0.9925970550162785
28,2.013683159365732,0.991916261425732
29,2.0191588609399966,0.9912350002571707
30,2.0218967117271287,0.9905537390886087
31,2.0492752195984494,0.9905537390886087
32,2.054750921172714,0.9898715395437819
33,2.06296447353411,0.9891888695165102
34,2.0711780258955064,0.9885061994892385
35,2.0766537274697705,0.9885061994892385
36,2.0793915782569026,0.9885061994892385
37,2.0821294290440346,0.9878221121539513
38,2.0848672798311667,0.9864539374833785
39,2.087605130618299,0.9864539374833785
40,2.0930808321925634,0.9864539374833785
41,2.0985565337668275,0.9864539374833785
42,2.112245787702488,0.9864539374833785
43,2.11498363848962,0.9864539374833785
44,2.123197190851016,0.9857655537168165
45,2.1259350416381486,0.9857655537168165
46,2.1286728924252807,0.9843858958389764
47,2.134148593999545,0.9843858958389764
48,2.136886444786677,0.9830043015992018
49,2.139624295573809,0.982313018686685
50,2.145099997148073,0.9816212489552151
51,2.147837847935205,0.9816212489552151
52,2.1505756987223372,0.9809289913748519
53,2.1533135495094693,0.9809289913748519
54,2.1560514002966014,0.9809289913748519
55,2.1587892510837334,0.9809289913748519
56,2.161527101870866,0.9802347741127321
57,2.16700280344513,0.9802347741127321
58,2.172478505019394,0.9795400648468832
59,2.1806920573807904,0.9795400648468832
60,2.1834299081679225,0.9788443687781001
61,2.1861677589550546,0.9781486727093169
62,2.1916434605293187,0.9774524814831893
63,2.1971191621035833,0.976756290257062
64,2.1998570128907153,0.976756290257062
65,2.2053327144649795,0.976756290257062
66,2.2108084160392436,0.976756290257062
67,2.2135462668263757,0.976756290257062
68,2.21902196840064,0.976756290257062
69,2.221759819187772,0.9753589278961793
70,2.224497669974904,0.9753589278961793
71,2.229973371549168,0.9753589278961793
72,2.2354490731234327,0.9753589278961793
73,2.240924774697697,0.9746582390111961
74,2.251876177846225,0.9746582390111961
75,2.257351879420489,0.9746582390111961
76,2.273778984143282,0.9739550223885329
77,2.276516834930414,0.9732507888220915
78,2.2902060888660745,0.9732507888220915
79,2.2929439396532065,0.9732507888220915
80,2.2956817904403386,0.9732507888220915
81,2.2984196412274707,0.9732507888220915
82,2.3011574920146027,0.9732507888220915
83,2.303895342801735,0.9725434844697496
84,2.3093710443759994,0.9725434844697496
85,2.3121088951631315,0.9725434844697496
86,2.3175845967373956,0.9725434844697496
87,2.3203224475245277,0.9718330801713787
88,2.3230602983116597,0.9718330801713787
89,2.334011701460188,0.9718330801713787
90,2.339487403034452,0.9718330801713787
91,2.3477009553958488,0.9718330801713787
92,2.350438806182981,0.9718330801713787
93,2.358652358544377,0.9718330801713787
94,2.361390209331509,0.9711179712087807
95,2.364128060118641,0.9711179712087807
96,2.3750794632671695,0.9711179712087807
97,2.3778173140543015,0.9711179712087807
98,2.380555164841434,0.9711179712087807
99,2.383293015628566,0.9711179712087807
100,2.3887687172028302,0.9703996886856973
101,2.3915065679899623,0.9703996886856973
102,2.3942444187770944,0.9703996886856973
103,2.3969822695642264,0.9703996886856973
104,2.4024579711384906,0.9703996886856973
105,2.4051958219256226,0.9703996886856973
106,2.4079336727127547,0.9703996886856973
107,2.410671523499887,0.968954566290037
108,2.413409374287019,0.9667852650222236
109,2.4188850758612834,0.9667852650222236
110,2.4216229266484155,0.9667852650222236
111,2.4325743297969438,0.965332544864414
112,2.44078788215834,0.965332544864414
113,2.446263583732604,0.965332544864414
114,2.449001434519736,0.965332544864414
115,2.4517392853068687,0.965332544864414
116,2.457214986881133,0.964603441733852
117,2.462690688455397,0.964603441733852
118,2.465428539242529,0.964603441733852
119,2.468166390029661,0.9638726815507203
120,2.470904240816793,0.9638726815507203
121,2.4763799423910573,0.9638726815507203
122,2.4791177931781894,0.9631408116330665
123,2.4818556439653214,0.9631408116330665
124,2.49280704711385,0.9624078277581556
125,2.495544897900982,0.9624078277581556
126,2.4982827486881143,0.9624078277581556
127,2.5010205994752464,0.9616737256774855
128,2.5037584502623784,0.9616737256774855
129,2.5092341518366426,0.9616737256774855
130,2.5119720026237746,0.9616737256774855
131,2.5174477041980388,0.9616737256774855
132,2.520185554985171,0.9609368109451655
133,2.5256612565594354,0.9601998962128454
134,2.5283991073465675,0.9594618486369711
135,2.5311369581336995,0.9594618486369711
136,2.5338748089208316,0.9594618486369711
137,2.5366126597079637,0.9594618486369711
138,2.5393505104950957,0.9594618486369711
139,2.542088361282228,0.9594618486369711
140,2.547564062856492,0.9587198054439032
141,2.550301913643624,0.9579771874691211
142,2.5585154660050202,0.9579771874691211
143,2.563991167579285,0.9572339933748866
144,2.566729018366417,0.9564907992806513
145,2.569466869153549,0.9564907992806513
146,2.572204719940681,0.9557470272749905
147,2.574942570727813,0.9557470272749905
148,2.577680421514945,0.9557470272749905
149,2.580418272302077,0.9557470272749905
150,2.5831561230892093,0.9557470272749905
151,2.5913696754506055,0.9550003499099322
152,2.5941075262377375,0.9542530882902845
153,2.599583227812002,0.9542530882902845
154,2.602321078599134,0.9542530882902845
155,2.6050589293862663,0.9542530882902845
156,2.6077967801733983,0.9542530882902845
157,2.6187481833219266,0.9535028893215028
158,2.6214860341090587,0.9535028893215028
159,2.626961735683323,0.952750915434025
160,2.629699586470455,0.952750915434025
161,2.64886454198038,0.9519971567983965
162,2.654340243554644,0.9519971567983965
163,2.66255379591604,0.9519971567983965
164,2.6680294974903043,0.9519971567983965
165,2.670767348277437,0.9519971567983965
166,2.678980900638833,0.9519971567983965
167,2.681718751425965,0.9519971567983965
168,2.684456602213097,0.9512373825311989
169,2.6899323037873613,0.950477000930454
170,2.6926701545744933,0.9497166193297097
171,2.6954080053616254,0.9497166193297097
172,2.6981458561487575,0.9489556284488364
173,2.7118351100844182,0.9489556284488364
174,2.7145729608715503,0.9481940268208676
175,2.7200486624458144,0.9481940268208676
176,2.7255243640200786,0.9481940268208676
177,2.7282622148072107,0.9481940268208676
178,2.7310000655943427,0.9481940268208676
179,2.733737916381475,0.9481940268208676
180,2.741951468742871,0.9481940268208676
181,2.7446893195300035,0.9481940268208676
182,2.7474271703171356,0.9481940268208676
183,2.7501650211042676,0.9481940268208676
184,2.7556407226785318,0.947424388812085
185,2.761116424252796,0.9466547508033014
186,2.763854275039928,0.9458844865634292
187,2.76659212582706,0.9458844865634292
188,2.769329976614192,0.9458844865634292
189,2.7775435289755883,0.9458844865634292
190,2.780281379762721,0.9458844865634292
191,2.791232782911249,0.9458844865634292
192,2.793970633698381,0.9458844865634292
193,2.7994463352726453,0.945109806394254
194,2.8021841860597774,0.9443344907204282
195,2.8049220368469094,0.9443344907204282
196,2.8103977384211736,0.9435585379753834
197,2.815873439995438,0.9435585379753834
198,2.8240869923568344,0.9435585379753834
199,2.8268248431439664,0.9435585379753834
200,2.8295626939310985,0.9435585379753834
201,2.8323005447182306,0.9427793814617785
202,2.8405140970796268,0.9427793814617785
203,2.843251947866759,0.9427793814617785
204,2.848727649441023,0.9419989349539458
205,2.8596790525895517,0.9412171930992121
206,2.8624169033766838,0.9412171930992121
207,2.867892604950948,0.9412171930992121
208,2.873368306525212,0.9412171930992121
209,2.8843197096737403,0.9412171930992121
210,2.8870575604608724,0.9404321912701054
211,2.889795411248005,0.9404321912701054
212,2.895271112822269,0.9404321912701054
213,2.898008963609401,0.9404321912701054
214,2.9062225159707973,0.9396452187251101
215,2.9171739191193256,0.9388582461801137
216,2.9199117699064576,0.9380712736351183
217,2.9226496206935897,0.9380712736351183
218,2.925387471480722,0.9380712736351183
219,2.9281253222678543,0.9380712736351183
220,2.9308631730549863,0.9380712736351183
221,2.9390767254163825,0.9380712736351183
222,2.9418145762035146,0.9372769711172222
223,2.9445524269906467,0.9372769711172222
224,2.950028128564911,0.9372769711172222
225,2.952765979352043,0.9372769711172222
226,2.958241680926307,0.9372769711172222
227,2.9609795317134395,0.9364786091316027
228,2.9637173825005716,0.93567956594975
229,2.9664552332877037,0.93567956594975
230,2.9691930840748357,0.9348791557136943
231,2.971930934861968,0.9348791557136943
232,2.9746687856491,0.9348791557136943
233,2.977406636436232,0.9348791557136943
234,2.982882338010496,0.9340766843353991
235,2.985620188797628,0.9340766843353991
236,2.9910958903718923,0.9324662072934411
237,2.9965715919461564,0.9324662072934411
238,2.999309442733289,0.9324662072934411
239,3.002047293520421,0.9324662072934411
240,3.010260845881817,0.9324662072934411
241,3.0184743982432134,0.9324662072934411
242,3.0212122490303455,0.9324662072934411
243,3.0239500998174775,0.9324662072934411
244,3.0266879506046096,0.9324662072934411
245,3.0294258013917417,0.9316546614211226
246,3.0349015029660062,0.9308431155488054
247,3.0376393537531383,0.9292200238041693
248,3.0540664584759307,0.9292200238041693
249,3.059542160050195,0.9284070579040788
250,3.0759692647729877,0.9284070579040788
251,3.07870711556012,0.9284070579040788
252,3.084182817134384,0.9284070579040788
253,3.095134220282912,0.9284070579040788
254,3.0978720710700443,0.9284070579040788
255,3.1006099218571763,0.9284070579040788
256,3.108823474218573,0.9275883567948164
257,3.117037026579969,0.9275883567948164
258,3.1197748773671012,0.9275883567948164
259,3.1279884297284974,0.9275883567948164
260,3.1307262805156295,0.9275883567948164
261,3.1362019820898936,0.9267652970283614
262,3.1389398328770257,0.9259415056532249
263,3.1498912360255544,0.9251177142780884
264,3.1553669375998186,0.9251177142780884
265,3.1635804899612148,0.9251177142780884
266,3.166318340748347,0.9251177142780884
267,3.177269743896875,0.9251177142780884
268,3.1827454454711397,0.9251177142780884
269,3.1854832962582718,0.9251177142780884
270,3.193696848619668,0.9242880122921889
271,3.1964346994068,0.9242880122921889
272,3.201910400981064,0.9234568180365308
273,3.2073861025553283,0.9234568180365308
274,3.2128618041295924,0.9234568180365308
275,3.215599654916725,0.9234568180365308
276,3.218337505703857,0.9234568180365308
277,3.2292889088523853,0.9234568180365308
278,3.2347646104266494,0.9234568180365308
279,3.2402403120009136,0.9234568180365308
280,3.2429781627880456,0.9234568180365308
281,3.2457160135751777,0.9234568180365308
282,3.2484538643623098,0.9234568180365308
283,3.2511917151494423,0.9226150160146203
284,3.2566674167237064,0.9226150160146203
285,3.2594052675108385,0.9226150160146203
286,3.2648809690851026,0.9226150160146203
287,3.2676188198722347,0.9226150160146203
288,3.2703566706593667,0.9226150160146203
289,3.273094521446499,0.9226150160146203
290,3.275832372233631,0.9217685802201114
291,3.278570223020763,0.9217685802201114
292,3.2895216261692917,0.9217685802201114
293,3.30047302931782,0.9217685802201114
294,3.305948730892084,0.9217685802201114
295,3.308686581679216,0.9217685802201114
296,3.311424432466348,0.9217685802201114
297,3.3196379848277444,0.9209150907939813
298,3.3223758356148765,0.9209150907939813
299,3.325113686402009,0.9200608096336903
300,3.327851537189141,0.9200608096336903
301,3.3388029403376693,0.9200608096336903
302,3.3442786419119335,0.9200608096336903
303,3.3497543434861976,0.9200608096336903
304,3.3524921942733297,0.9200608096336903
305,3.3634435974218584,0.9200608096336903
306,3.3661814482089905,0.9200608096336903
307,3.3716571497832546,0.9192009397181449
308,3.3743950005703867,0.9192009397181449
309,3.3771328513575187,0.9192009397181449
310,3.379870702144651,0.9192009397181449
311,3.393559956080311,0.9183370290605147
312,3.396297806867443,0.917472304927689
313,3.3990356576545757,0.917472304927689
314,3.401773508441708,0.917472304927689
315,3.407249210015972,0.9166043084235
316,3.409987060803104,0.9166043084235
317,3.412724911590236,0.9157354891738094
318,3.4264141655258964,0.9157354891738094
319,3.4291520163130285,0.9157354891738094
320,3.4318898671001605,0.9157354891738094
321,3.434627717887293,0.9157354891738094
322,3.437365568674425,0.9157354891738094
323,3.4510548226100854,0.9148591872702934
324,3.4620062257586137,0.9139820451923736
325,3.467481927332878,0.9139820451923736
326,3.4702197781200104,0.9131032163027654
327,3.4729576289071424,0.9122243874131573
328,3.4756954796942745,0.9122243874131573
329,3.4811711812685386,0.9113447110511385
330,3.4866468828428028,0.9113447110511385
331,3.489384733629935,0.9113447110511385
332,3.492122584417067,0.9104624799659002
333,3.497598285991331,0.9104624799659002
334,3.503073987565595,0.9104624799659002
335,3.5058118383527277,0.9104624799659002
336,3.514025390714124,0.9104624799659002
337,3.516763241501256,0.9104624799659002
338,3.5277146446497842,0.9104624799659002
339,3.5304524954369163,0.9086790079189546
340,3.5331903462240484,0.9086790079189546
341,3.5359281970111804,0.9086790079189546
342,3.5496174509468412,0.9068885074107399
343,3.5578310033082374,0.9068885074107399
344,3.5605688540953695,0.9068885074107399
345,3.5687824064567657,0.905990597997462
346,3.5852095111795586,0.905990597997462
347,3.5879473619666906,0.905990597997462
348,3.5906852127538227,0.9050900109219178
349,3.596160914328087,0.9050900109219178
350,3.598898765115219,0.9050900109219178
351,3.607112317476615,0.9041867274778839
352,3.609850168263747,0.9041867274778839
353,3.6125880190508792,0.9041867274778839
354,3.620801571412276,0.9032789094784082
355,3.62627727298654,0.901459616609368
356,3.629015123773672,0.9005499701748478
357,3.631752974560804,0.9005499701748478
358,3.6372286761350683,0.9005499701748478
359,3.6399665269222004,0.9005499701748478
360,3.6427043777093324,0.8996366334911008
361,3.6454422284964645,0.8996366334911008
362,3.6481800792835966,0.8978062435959006
363,3.6646071840063894,0.8978062435959006
364,3.6673450347935215,0.8978062435959006
365,3.6700828855806535,0.8978062435959006
366,3.6755585871549177,0.8978062435959006
367,3.6782964379420497,0.8978062435959006
368,3.686509990303446,0.8968835239210847
369,3.6892478410905785,0.8950361840159948
370,3.6947235426648426,0.8941125140634495
371,3.6974613934519747,0.8941125140634495
372,3.7001992442391067,0.8941125140634495
373,3.702937095026239,0.8941125140634495
374,3.705674945813371,0.8941125140634495
375,3.708412796600503,0.8941125140634495
376,3.713888498174767,0.8931821160259225
377,3.7221020505361633,0.8931821160259225
378,3.724839901323296,0.8931821160259225
379,3.727577752110428,0.8931821160259225
380,3.73031560289756,0.8931821160259225
381,3.733053453684692,0.8931821160259225
382,3.735791304471824,0.8931821160259225
383,3.7467427076203523,0.8931821160259225
384,3.7549562599817485,0.8931821160259225
385,3.760431961556013,0.8931821160259225
386,3.763169812343145,0.8931821160259225
387,3.7659076631302772,0.8922399407980474
388,3.7795969170659376,0.8922399407980474
389,3.7850726186402017,0.891296769613272
390,3.787810469427334,0.891296769613272
391,3.793286171001598,0.891296769613272
392,3.7987618725758625,0.8903515980654317
393,3.812451126511523,0.8903515980654317
394,3.815188977298655,0.8903515980654317
395,3.823402529660051,0.8903515980654317
396,3.826140380447183,0.8903515980654317
397,3.8288782312343153,0.889401382912747
398,3.83435393280858,0.8884501514871717
399,3.837091783595712,0.8874979005209472
400,3.839829634382844,0.8865456495547234
401,3.845305335957108,0.8865456495547234
402,3.84804318674424,0.8865456495547234
403,3.8507810375313722,0.8865456495547234
404,3.8535188883185043,0.8865456495547234
405,3.8562567391056364,0.8855892896307163
406,3.8589945898927684,0.8846329297067087
407,3.8617324406799005,0.8836755347611385
408,3.8808973961898254,0.8836755347611385
409,3.8863730977640896,0.8827171014262564
410,3.8891109485512216,0.8827171014262564
411,3.8945866501254858,0.8817555359562927
412,3.897324500912618,0.8817555359562927
413,3.902800202486882,0.8807918687038815
414,3.9082759040611466,0.8798271459561225
415,3.924703008783939,0.8798271459561225
416,3.930178710358203,0.8798271459561225
417,3.9356544119324672,0.8788571050013756
418,3.9383922627195993,0.8788571050013756
419,3.943867964293864,0.8778859921781696
420,3.95208151665526,0.8778859921781696
421,3.9630329198037884,0.8778859921781696
422,3.9712464721651846,0.8778859921781696
423,3.9767221737394487,0.8759351344177739
424,3.9821978753137133,0.8759351344177739
425,3.9876735768879774,0.8759351344177739
426,3.9931492784622415,0.8759351344177739
427,3.9958871292493736,0.8759351344177739
428,3.9986249800365057,0.8759351344177739
429,4.00410068161077,0.8749498305545368
430,4.006838532397902,0.8749498305545368
431,4.012314233972166,0.8739634158639458
432,4.01778993554643,0.8739634158639458
433,4.023265637120694,0.8739634158639458
434,4.0342170402692235,0.8729747694659095
435,4.0369548910563555,0.8719850021535901
436,4.039692741843488,0.8719850021535901
437,4.047906294204884,0.8719850021535901
438,4.05611984656628,0.8709929828109811
439,4.058857697353412,0.8700009634683716
440,4.061595548140544,0.8700009634683716
441,4.064333398927676,0.8700009634683716
442,4.0780226528633365,0.8700009634683716
443,4.088974056011865,0.8690055390250438
444,4.10813901152179,0.8690055390250438
445,4.110876862308922,0.8670101187287751
446,4.113614713096054,0.8670101187287751
447,4.116352563883186,0.8660112591449856
448,4.1190904146703184,0.8660112591449856
449,4.1218282654574505,0.8650089312987531
450,4.124566116244583,0.8650089312987531
451,4.127303967031715,0.8650089312987531
452,4.132779668605979,0.8650089312987531
453,4.135517519393111,0.8650089312987531
454,4.146468922541639,0.8650089312987531
455,4.157420325690167,0.8639972249463574
456,4.1601581764772995,0.8639972249463574
457,4.1628960272644315,0.8639972249463574
458,4.165633878051564,0.8639972249463574
459,4.179323131987225,0.8639972249463574
460,4.184798833561489,0.8629795603704487
461,4.187536684348621,0.8629795603704487
462,4.193012385922885,0.8619570727396776
463,4.195750236710017,0.8609345851089069
464,4.198488087497149,0.8609345851089069
465,4.209439490645678,0.8609345851089069
466,4.214915192219942,0.8599084413841048
467,4.217653043007074,0.8599084413841048
468,4.223128744581338,0.8588798427700086
469,4.228604446155602,0.8588798427700086
470,4.234080147729866,0.8578500108242414
471,4.23955584930413,0.8578500108242414
472,4.2450315508783945,0.8578500108242414
473,4.2477694016655265,0.8568152098461661
474,4.250507252452659,0.8568152098461661
475,4.261458655601188,0.8557766459554439
476,4.26419650638832,0.8547380820647209
477,4.272410058749716,0.8526584273638335
478,4.275147909536848,0.8526584273638335
479,4.280623611111112,0.8516160576482302
480,4.2915750142596405,0.8516160576482302
481,4.294312865046773,0.8516160576482302
482,4.297050715833905,0.8505698462751979
483,4.299788566621037,0.8505698462751979
484,4.313477820556697,0.8505698462751979
485,4.318953522130961,0.8495210548494574
486,4.321691372918093,0.8495210548494574
487,4.324429223705226,0.8495210548494574
488,4.3353806268537545,0.8484683645708331
489,4.3381184776408865,0.847414366602422
490,4.343594179215151,0.8463603686340109
491,4.346332030002283,0.8453063706656001
492,4.354545582363679,0.8442510568445439
493,4.362759134725075,0.8442510568445439
494,4.370972687086471,0.8442510568445439
495,4.373710537873603,0.8442510568445439
496,4.381924090235,0.8442510568445439
497,4.387399791809264,0.8431891058296453
498,4.390137642596396,0.8431891058296453
499,4.39561334417066,0.8431891058296453
500,4.401089045744925,0.8431891058296453
501,4.406564747319189,0.8431891058296453
502,4.414778299680585,0.8421204250871495
503,4.4202540012548495,0.8410517443446528
504,4.4229918520419815,0.8410517443446528
505,4.425729702829114,0.8410517443446528
506,4.436681105977642,0.8410517443446528
507,4.450370359913302,0.8410517443446528
508,4.458583912274698,0.8399762306050816
509,4.4613217630618305,0.8399762306050816
510,4.47227316621036,0.8399762306050816
511,4.475011016997492,0.8399762306050816
512,4.477748867784624,0.8399762306050816
513,4.483224569358888,0.8399762306050816
514,4.488700270933152,0.8399762306050816
515,4.491438121720284,0.8399762306050816
516,4.5078652264430765,0.8399762306050816
517,4.516078778804473,0.8399762306050816
518,4.524292331165869,0.8399762306050816
519,4.546195137462926,0.8388867672709635
520,4.568097943759983,0.8388867672709635
521,4.570835794547115,0.8388867672709635
522,4.579049346908511,0.8388867672709635
523,4.5900007500570394,0.8388867672709635
524,4.5927386008441715,0.8388867672709635
525,4.595476451631304,0.8377901832614592
526,4.598214302418436,0.8377901832614592
527,4.600952153205568,0.8377901832614592
528,4.611903556354096,0.8377901832614592
529,4.620117108715493,0.8366892763189342
530,4.622854959502625,0.8366892763189342
531,4.625592810289757,0.8366892763189342
532,4.628330661076889,0.8366892763189342
533,4.631068511864021,0.8355840064691079
534,4.633806362651153,0.8355840064691079
535,4.6365442134382855,0.8355840064691079
536,4.639282064225418,0.8355840064691079
537,4.64201991501255,0.8355840064691079
538,4.652971318161078,0.8344713779651546
539,4.65570916894821,0.8333587494612009
540,4.66939842288387,0.8333587494612009
541,4.672136273671002,0.8333587494612009
542,4.6776119752452665,0.8333587494612009
543,4.691301229180928,0.8333587494612009
544,4.699514781542324,0.8333587494612009
545,4.702252632329456,0.8333587494612009
546,4.710466184690852,0.8333587494612009
547,4.715941886265116,0.8322325889889559
548,4.718679737052248,0.8322325889889559
549,4.735106841775041,0.8311049025540114
550,4.740582543349305,0.8311049025540114
551,4.743320394136437,0.8299741475845499
552,4.7652232004334945,0.8299741475845499
553,4.770698902007759,0.8299741475845499
554,4.778912454369155,0.8299741475845499
555,4.787126006730551,0.8299741475845499
556,4.803553111453343,0.8299741475845499
557,4.819980216176136,0.8299741475845499
558,4.822718066963268,0.8288325050156578
559,4.8254559177504,0.8288325050156578
560,4.828193768537532,0.8276892877673601
561,4.836407320898929,0.8276892877673601
562,4.839145171686061,0.8276892877673601
563,4.841883022473193,0.8276892877673601
564,4.844620873260325,0.8276892877673601
565,4.8500965748345894,0.8265381204686568
566,4.858310127195986,0.8265381204686568
567,4.861047977983118,0.8265381204686568
568,4.866523679557382,0.8265381204686568
569,4.869261530344514,0.8265381204686568
570,4.87747508270591,0.8253805040534348
571,4.880212933493042,0.8253805040534348
572,4.885688635067306,0.8253805040534348
573,4.899377889002967,0.8253805040534348
574,4.913067142938628,0.8242130634536416
575,4.91580499372576,0.8230456228538493
576,4.921280695300024,0.8218781822540562
577,4.924018546087156,0.8218781822540562
578,4.92949424766142,0.8218781822540562
579,4.934969949235684,0.8207057454748062
580,4.940445650809949,0.8207057454748062
581,4.943183501597081,0.8195299492778512
582,4.945921352384213,0.8195299492778512
583,4.962348457107005,0.8195299492778512
584,4.965086307894137,0.8195299492778512
585,4.970562009468401,0.8183490703884017
586,4.978775561829798,0.8183490703884017
587,4.986989114191195,0.8183490703884017
588,4.995202666552591,0.8183490703884017
589,5.008891920488251,0.8171630572429117
590,5.014367622062515,0.815975320241105
591,5.017105472849647,0.815975320241105
592,5.025319025211044,0.815975320241105
593,5.028056875998176,0.8147823738664838
594,5.030794726785308,0.8147823738664838
595,5.049959682295232,0.8135876783036292
596,5.060911085443761,0.8123929827407751
597,5.063648936230893,0.8123929827407751
598,5.074600339379422,0.8123929827407751
599,5.08555174252795,0.8123929827407751
600,5.09924099646361,0.811192993106003
601,5.101978847250742,0.811192993106003
602,5.104716698037874,0.811192993106003
603,5.115668101186403,0.8099894426711277
604,5.118405951973535,0.8099894426711277
605,5.145784459844856,0.8087823049026162
606,5.156735862993385,0.8087823049026162
607,5.162211564567649,0.8087823049026162
608,5.170425116929045,0.8075715529491692
609,5.184114370864705,0.8051500490422754
610,5.186852221651837,0.8051500490422754
611,5.1950657740132336,0.8051500490422754
612,5.200541475587499,0.8051500490422754
613,5.206017177161763,0.8039338102974981
614,5.208755027948895,0.8027175715527215
615,5.211492878736027,0.8027175715527215
616,5.214230729523159,0.801499487225631
617,5.230657834245951,0.801499487225631
618,5.233395685033083,0.801499487225631
619,5.24160923739448,0.801499487225631
620,5.25529849133014,0.801499487225631
621,5.266249894478668,0.801499487225631
622,5.2689877452658,0.7990446649064098
623,5.274463446840065,0.7990446649064098
624,5.290890551562858,0.7978153654219388
625,5.296366253137122,0.7978153654219388
626,5.301841954711386,0.7978153654219388
627,5.304579805498518,0.7978153654219388
628,5.312793357859914,0.7953453488107256
629,5.326482611795575,0.7941103405051184
630,5.331958313369839,0.7928753321995119
631,5.340171865731235,0.7928753321995119
632,5.342909716518368,0.7916364644929501
633,5.3456475673055,0.7916364644929501
634,5.35933682124116,0.7903956549874752
635,5.362074672028292,0.7903956549874752
636,5.364812522815424,0.7903956549874752
637,5.370288224389689,0.7903956549874752
638,5.383977478325349,0.7903956549874752
639,5.392191030686745,0.7903956549874752
640,5.400404583048141,0.789143046976402
641,5.405880284622405,0.789143046976402
642,5.416831687770935,0.789143046976402
643,5.419569538558067,0.789143046976402
644,5.427783090919463,0.7878844456255621
645,5.430520941706595,0.7878844456255621
646,5.435996643280859,0.7878844456255621
647,5.4524237480036515,0.7878844456255621
648,5.457899449577916,0.7853387769805685
649,5.468850852726444,0.7853387769805685
650,5.482540106662104,0.7840576370507468
651,5.493491509810633,0.7840576370507468
652,5.50170506217203,0.7827744003288962
653,5.51539431610769,0.7814890564859918
654,5.52908357004335,0.7814890564859918
655,5.531821420830482,0.7801994705842001
656,5.534559271617614,0.7801994705842001
657,5.542772823979011,0.7789056074489026
658,5.550986376340407,0.7776117443136056
659,5.559199928701803,0.7776117443136056
660,5.5674134810632,0.7763157247397495
661,5.570151331850332,0.7763157247397495
662,5.572889182637464,0.7763157247397495
663,5.5838405857859925,0.7750153633917768
664,5.589316287360257,0.7750153633917768
665,5.597529839721653,0.7750153633917768
666,5.600267690508785,0.7737106237227671
667,5.603005541295917,0.7737106237227671
668,5.613956944444445,0.7724036801016141
669,5.616694795231577,0.7710967364804603
670,5.619432646018709,0.7710967364804603
671,5.635859750741503,0.7697853474728408
672,5.646811153890031,0.7697853474728408
673,5.652286855464295,0.7697853474728408
674,5.67145181097422,0.7697853474728408
675,5.701568169632672,0.7684626922366325
676,5.7125195727812015,0.7684626922366325
677,5.717995274355466,0.7684626922366325
678,5.72347097592973,0.7684626922366325
679,5.745373782226786,0.7684626922366325
680,5.756325185375315,0.7684626922366325
681,5.772752290098107,0.7684626922366325
682,5.775490140885239,0.7684626922366325
683,5.791917245608032,0.7684626922366325
684,5.805606499543693,0.7684626922366325
685,5.813820051905089,0.7684626922366325
686,5.816557902692221,0.767112142689644
687,5.830247156627881,0.767112142689644
688,5.8384607089892775,0.767112142689644
689,5.846674261350674,0.7657520147770736
690,5.849412112137806,0.764391886864503
691,5.860363515286335,0.7630317589519325
692,5.871314918434863,0.7616716310393624
693,5.895955575519052,0.7603115031267923
694,5.898693426306184,0.7603115031267923
695,5.901431277093316,0.7603115031267923
696,5.904169127880448,0.758941572490528
697,5.90690697866758,0.758941572490528
698,5.917858381816108,0.7575641830667695
699,5.93154763575177,0.756186793643012
700,5.939761188113166,0.756186793643012
701,5.947974740474562,0.754806890734904
702,5.950712591261694,0.754806890734904
703,5.964401845197354,0.754806890734904
704,5.972615397558751,0.754806890734904
705,5.986304651494411,0.754806890734904
706,5.999993905430072,0.7534168227961661
707,6.005469607004336,0.7520267548574273
708,6.027372413301393,0.7520267548574273
709,6.032848114875657,0.7520267548574273
710,6.043799518024185,0.7520267548574273
711,6.06296447353411,0.7520267548574273
712,6.065702324321242,0.7520267548574273
713,6.082129429044035,0.7506210973717128
714,6.095818682979695,0.7506210973717128
715,6.10129438455396,0.7492128026299275
716,6.106770086128224,0.7492128026299275
717,6.112245787702488,0.7492128026299275
718,6.117721489276752,0.7492128026299275
719,6.125935041638148,0.7492128026299275
720,6.131410743212412,0.7477938389885831
721,6.134148593999544,0.7477938389885831
722,6.136886444786676,0.74637217769773
723,6.147837847935206,0.74637217769773
724,6.158789251083734,0.74637217769773
725,6.16700280344513,0.74637217769773
726,6.172478505019394,0.7449368465867727
727,6.175216355806526,0.7449368465867727
728,6.177954206593658,0.7449368465867727
729,6.18069205738079,0.7434959629376687
730,6.191643460529319,0.7434959629376687
731,6.197119162103583,0.7434959629376687
732,6.205332714464979,0.7420466530683946
733,6.208070565252111,0.7420466530683946
734,6.240924774697697,0.7420466530683946
735,6.249138327059093,0.7420466530683946
736,6.254614028633357,0.7420466530683946
737,6.262827580994753,0.7420466530683946
738,6.265565431781885,0.7420466530683946
739,6.306633193588867,0.7420466530683946
740,6.3148467459502635,0.7405772537553876
741,6.317584596737396,0.7391078544423809
742,6.328535999885924,0.7391078544423809
743,6.331273850673056,0.7391078544423809
744,6.33674955224732,0.7391078544423809
745,6.339487403034452,0.7391078544423809
746,6.358652358544377,0.7391078544423809
747,6.36139020933151,0.7391078544423809
748,6.366865910905774,0.7391078544423809
749,6.377817314054302,0.7376116846965457
750,6.383293015628566,0.7361155149507109
751,6.386030866415698,0.7346193452048762
752,6.396982269564226,0.7331231754590413
753,6.3997201203513585,0.7331231754590413
754,6.407933672712755,0.7316208738699854
755,6.427098628222679,0.7316208738699854
756,6.432574329796943,0.7301154811253971
757,6.4462635837326046,0.7301154811253971
758,6.457214986881133,0.7301154811253971
759,6.465428539242529,0.7286038548704794
760,6.468166390029661,0.7286038548704794
761,6.479117793178189,0.7270859301728324
762,6.4845934947524535,0.7255680054751861
763,6.490069196326718,0.7240500807775392
764,6.501020599475246,0.7225289671624601
765,6.517447704198039,0.7225289671624601
766,6.520185554985171,0.7210014217773385
767,6.533874808920832,0.7210014217773385
768,6.539350510495096,0.7210014217773385
769,6.572204719940681,0.7210014217773385
770,6.574942570727813,0.7210014217773385
771,6.577680421514945,0.7210014217773385
772,6.580418272302078,0.7194542084258849
773,6.585893973876342,0.7194542084258849
774,6.594107526237738,0.7194542084258849
775,6.599583227812002,0.7194542084258849
776,6.61053463096053,0.7194542084258849
777,6.6160103325347945,0.7194542084258849
778,6.621486034109059,0.7194542084258849
779,6.624223884896191,0.7178867700633015
780,6.629699586470455,0.7178867700633015
781,6.632437437257587,0.7178867700633015
782,6.635175288044719,0.7178867700633015
783,6.648864541980379,0.7163089969422837
784,6.665291646703173,0.7163089969422837
785,6.681718751425965,0.7147277408783935
786,6.689932303787361,0.7131464848145032
787,6.692670154574493,0.7131464848145032
788,6.695408005361625,0.7131464848145032
789,6.6981458561487575,0.7131464848145032
790,6.711835110084418,0.7131464848145032
791,6.720048662445814,0.7115439084441335
792,6.736475767168607,0.7115439084441335
793,6.739213617955739,0.7115439084441335
794,6.7446893195300035,0.709930430193693
795,6.750165021104268,0.709930430193693
796,6.76659212582706,0.709930430193693
797,6.7857570813369845,0.709930430193693
798,6.788494932124117,0.709930430193693
799,6.802184186059778,0.709930430193693
800,6.810397738421174,0.709930430193693
801,6.8295626939310985,0.709930430193693
802,6.837776246292495,0.7082908679992507
803,6.843251947866759,0.7082908679992507
804,6.848727649441023,0.7082908679992507
805,6.854203351015287,0.7082908679992507
806,6.867892604950947,0.7066359827936453
807,6.87063045573808,0.7066359827936453
808,6.8733683065252125,0.7066359827936453
809,6.881581858886609,0.704973309892954
810,6.889795411248005,0.704973309892954
811,6.892533262035137,0.7032987889668426
812,6.898008963609401,0.7032987889668426
813,6.903484665183665,0.7032987889668426
814,6.911698217545061,0.7032987889668426
815,6.9144360683321935,0.7016122211275936
816,6.9171739191193256,0.699921589269455
817,6.933601023842118,0.6982309574113166
818,6.93633887462925,0.6982309574113166
819,6.952765979352043,0.6982309574113166
820,6.9746687856491,0.6965320986341607
821,6.985620188797628,0.6948332398570042
822,6.991095890371892,0.6931343810798473
823,6.9993094427332885,0.6914355223026907
824,7.012998696668949,0.6914355223026907
825,7.015736547456082,0.6914355223026907
826,7.023950099817478,0.6914355223026907
827,7.034901502966006,0.6914355223026907
828,7.04037720454027,0.6914355223026907
829,7.0431150553274025,0.6914355223026907
830,7.048590756901667,0.6914355223026907
831,7.0841828171343835,0.6914355223026907
832,7.092396369495781,0.6914355223026907
833,7.106085623431441,0.6914355223026907
834,7.1307262805156295,0.6914355223026907
835,7.141677683664158,0.6896761443833452
836,7.14441553445129,0.6896761443833452
837,7.1772697438968756,0.6896761443833452
838,7.180007594684008,0.6879077440131312
839,7.199172550193932,0.6861393436429178
840,7.201910400981064,0.6861393436429178
841,7.207386102555328,0.6843617805764856
842,7.21012395334246,0.6825842175100529
843,7.221075356490989,0.6825842175100529
844,7.232026759639517,0.6825842175100529
845,7.23476461042665,0.6825842175100529
846,7.2621431182979705,0.6807926578840422
847,7.270356670659367,0.6807926578840422
848,7.275832372233631,0.6807926578840422
849,7.284045924595027,0.678991619106571
850,7.286783775382159,0.678991619106571
851,7.294997327743555,0.678991619106571
852,7.3004730293178195,0.678991619106571
853,7.319637984827745,0.6771712662403331
854,7.322375835614877,0.6753460067625963
855,7.341540791124801,0.6735158007822101
856,7.3470164926990655,0.6735158007822101
857,7.349754343486198,0.6735158007822101
858,7.360705746634726,0.671675593676248
859,7.36618144820899,0.671675593676248
860,7.368919298996122,0.671675593676248
861,7.393559956080312,0.671675593676248
862,7.401773508441708,0.671675593676248
863,7.407249210015972,0.671675593676248
864,7.412724911590236,0.671675593676248
865,7.4318898671001605,0.671675593676248
866,7.434627717887293,0.671675593676248
867,7.494860435204199,0.6697888644805283
868,7.497598285991331,0.6697888644805283
869,7.503073987565595,0.66789144560098
870,7.5167632415012555,0.6659940267214317
871,7.524976793862653,0.6659940267214317
872,7.530452495436917,0.6659940267214317
873,7.544141749372577,0.6659940267214317
874,7.5605688540953695,0.6659940267214317
875,7.57425810803103,0.6659940267214317
876,7.590685212753822,0.6659940267214317
877,7.593423063540954,0.6659940267214317
878,7.61258801905088,0.6659940267214317
879,7.623539422199408,0.6640294425718113
880,7.629015123773672,0.6640294425718113
881,7.650917930070729,0.6640294425718113
882,7.670082885580654,0.6640294425718113
883,7.675558587154918,0.6640294425718113
884,7.67829643794205,0.6640294425718113
885,7.694723542664843,0.6620293538893663
886,7.719364199749031,0.6620293538893663
887,7.722102050536163,0.6620293538893663
888,7.7303156028975595,0.6620293538893663
889,7.735791304471824,0.6620293538893663
890,7.845305335957108,0.6620293538893663
891,7.867208142254165,0.6620293538893663
892,7.869945993041297,0.6620293538893663
893,7.886373097764089,0.6620293538893663
894,7.90006235169975,0.6620293538893663
895,7.902800202486882,0.6620293538893663
896,7.932916561145335,0.6620293538893663
897,7.968508621378053,0.6620293538893663
898,7.973984322952317,0.6620293538893663
899,7.976722173739449,0.6620293538893663
900,7.982197875313713,0.6620293538893663
901,8.015052084759299,0.6620293538893663
902,8.04243059263062,0.6599142441325315
903,8.04516844341775,0.6599142441325315
904,8.053381995779148,0.6599142441325315
905,8.061595548140543,0.6599142441325315
906,8.075284802076204,0.6599142441325315
907,8.078022652863337,0.6577716654178156
908,8.088974056011866,0.6577716654178156
909,8.102663309947525,0.6577716654178156
910,8.10813901152179,0.6577716654178156
911,8.130041817818846,0.6577716654178156
912,8.151944624115904,0.6556008018355789
913,8.1601581764773,0.6556008018355789
914,8.162896027264432,0.6556008018355789
915,8.165633878051564,0.6534154658294606
916,8.209439490645677,0.6534154658294606
917,8.220390893794207,0.6534154658294606
918,8.223128744581338,0.6534154658294606
919,8.261458655601187,0.651192964245007
920,8.280623611111112,0.651192964245007
921,8.286099312685376,0.651192964245007
922,8.28883716347251,0.651192964245007
923,8.297050715833905,0.651192964245007
924,8.327167074492358,0.651192964245007
925,8.335380626853754,0.651192964245007
926,8.354545582363679,0.6489239992127941
927,8.365496985512207,0.6466550341805819
928,8.384661941022133,0.6466550341805819
929,8.403826896532056,0.6443700340598025
930,8.436681105977643,0.6443700340598025
931,8.447632509126171,0.6443700340598025
932,8.48596242014602,0.642068712509589
933,8.524292331165869,0.642068712509589
934,8.548932988250058,0.642068712509589
935,8.559884391398587,0.642068712509589
936,8.581787197695643,0.6397423765946997
937,8.59000075005704,0.6397423765946997
938,8.600952153205569,0.6397423765946997
939,8.606427854779833,0.6397423765946997
940,8.644757765799682,0.6397423765946997
941,8.647495616586813,0.6397423765946997
942,8.669398422883871,0.6397423765946997
943,8.699514781542323,0.6397423765946997
944,8.754271797284966,0.6373463377310491
945,8.778912454369154,0.6349502988673984
946,8.784388155943418,0.6349502988673984
947,8.800815260666212,0.6349502988673984
948,8.814504514601872,0.6349502988673984
949,8.817242365389005,0.6349502988673984
950,8.855572276408854,0.6325175391016227
951,8.861047977983118,0.6276520195700718
952,8.871999381131646,0.6276520195700718
953,8.891164336641571,0.6252097938129895
954,8.9021157397901,0.6252097938129895
955,8.910329292151495,0.6252097938129895
956,8.915804993725759,0.6252097938129895
957,8.918542844512892,0.6252097938129895
958,8.940445650809949,0.6252097938129895
959,8.945921352384213,0.6227189181404278
960,8.951397053958477,0.6202280424678661
961,8.970562009468402,0.6202280424678661
962,8.978775561829798,0.6177169977615181
963,9.003416218913987,0.6151957038931037
964,9.01984332363678,0.6151957038931037
965,9.025319025211044,0.6151957038931037
966,9.0472218315081,0.6151957038931037
967,9.049959682295233,0.6151957038931037
968,9.07460033937942,0.6151957038931037
969,9.13757090748346,0.6151957038931037
970,9.159473713780516,0.6151957038931037
971,9.173162967716177,0.6151957038931037
972,9.206017177161762,0.6125889424359292
973,9.219706431097423,0.6125889424359292
974,9.230657834245951,0.6125889424359292
975,9.299104103924254,0.6125889424359292
976,9.353861119666895,0.6125889424359292
977,9.375763925963952,0.6125889424359292
978,9.392191030686746,0.6099255122514252
979,9.403142433835274,0.6099255122514252
980,9.405880284622405,0.6099255122514252
981,9.449685897216519,0.6099255122514252
982,9.466113001939313,0.6099255122514252
983,9.4907536590235,0.6099255122514252
984,9.496229360597765,0.6099255122514252
985,9.504442912959162,0.6071904202682349
986,9.51539431610769,0.6044429523032208
987,9.526345719256218,0.6044429523032208
988,9.550986376340408,0.6044429523032208
989,9.586578436573124,0.6016702782100869
990,9.59479198893452,0.6016702782100869
991,9.603005541295918,0.6016702782100869
992,9.616694795231577,0.6016702782100869
993,9.630384049167239,0.6016702782100869
994,9.652286855464295,0.6016702782100869
995,9.65776255703856,0.6016702782100869
996,9.663238258612823,0.6016702782100869
997,9.665976109399955,0.598791473051187
998,9.745373782226787,0.598791473051187
999,9.748111633013918,0.598791473051187
1000,9.753587334588183,0.598791473051187
1001,9.759063036162447,0.5958705390363027
1002,9.783703693246636,0.5958705390363027
1003,9.7891793948209,0.5929352161839074
1004,9.80286864875656,0.5929352161839074
1005,9.843936410563542,0.5929352161839074
1006,9.874052769221995,0.5899705401029881
1007,9.904169127880449,0.5899705401029881
1008,9.912382680241844,0.5899705401029881
1009,9.939761188113165,0.5899705401029881
1010,9.950712591261693,0.5899705401029881
1011,9.961663994410223,0.5899705401029881
1012,9.989042502281544,0.5899705401029881
1013,10.0109453085786,0.5899705401029881
1014,10.016421010152865,0.586865431997183
1015,10.027372413301393,0.586865431997183
1016,10.03558596566279,0.586865431997183
1017,10.041061667237054,0.586865431997183
1018,10.10129438455396,0.583710241502574
1019,10.169740654232262,0.5805550510079659
1020,10.18069205738079,0.5805550510079659
1021,10.183429908167923,0.5805550510079659
1022,10.216284117613508,0.5805550510079659
1023,10.240924774697696,0.5805550510079659
1024,10.27104113335615,0.5805550510079659
1025,10.276516834930414,0.5773117267006588
1026,10.281992536504678,0.5773117267006588
1027,10.314846745950263,0.5773117267006588
1028,10.372341612480037,0.5773117267006588
1029,10.39972012035136,0.5773117267006588
1030,10.40245797113849,0.5773117267006588
1031,10.407933672712755,0.5739552631733298
1032,10.421622926648416,0.5739552631733298
1033,10.424360777435547,0.5739552631733298
1034,10.454477136094,0.5705590781841383
1035,10.465428539242529,0.5705590781841383
1036,10.487331345539586,0.567142556757886
1037,10.511972002623775,0.567142556757886
1038,10.536612659707963,0.567142556757886
1039,10.54482621206936,0.567142556757886
1040,10.580418272302078,0.567142556757886
1041,10.591369675450606,0.567142556757886
1042,10.602321078599134,0.567142556757886
1043,10.618748183321927,0.5635756224386541
1044,10.626961735683324,0.5635756224386541
1045,10.657078094341776,0.5599859687925482
1046,10.711835110084419,0.5599859687925482
1047,10.774805678188457,0.5599859687925482
1048,10.906222515970798,0.5599859687925482
1049,10.941814576203514,0.5599859687925482
1050,10.966455233287704,0.5563018505768078
1051,10.974668785649099,0.5563018505768078
1052,10.977406636436232,0.5563018505768078
1053,10.999309442733288,0.5563018505768078
1054,11.034901502966006,0.5563018505768078
1055,11.089658518708648,0.5563018505768078
1056,11.215599654916725,0.5563018505768078
1057,11.278570223020763,0.5563018505768078
1058,11.311424432466348,0.5563018505768078
1059,11.341540791124801,0.5563018505768078
1060,11.415462762377368,0.5563018505768078
1061,11.47021977812001,0.5563018505768078
1062,11.48390903205567,0.5563018505768078
1063,11.54687960015971,0.5563018505768078
1064,11.620801571412276,0.5522113957931547
1065,11.659131482432125,0.5481209410095015
1066,11.661869333219258,0.5481209410095015
1067,11.697461393451974,0.5439997309267232
1068,11.77138336470454,0.5439997309267232
1069,11.79602402178873,0.5439997309267232
1070,11.897324500912617,0.5397826787489965
1071,12.020527786333563,0.5355656265712702
1072,12.056119846566279,0.5355656265712702
1073,12.064333398927676,0.5355656265712702
1074,12.097187608373261,0.5355656265712702
1075,12.149206773328771,0.5355656265712702
1076,12.206701639858546,0.5355656265712702
1077,12.31621567134383,0.5355656265712702
1078,12.340856328428018,0.5355656265712702
1079,12.346332030002282,0.5355656265712702
1080,12.381924090235,0.531065075087478
1081,12.420254001254849,0.531065075087478
1082,12.425729702829113,0.5265260573516874
1083,12.477748867784623,0.5265260573516874
1084,12.529768032740133,0.5219475698964554
1085,12.576311496121379,0.5173690824412234
1086,12.606427854779833,0.512790594985991
1087,12.663922721309607,0.512790594985991
1088,12.696776930755192,0.512790594985991
1089,12.754271797284966,0.5080860941145601
1090,12.976037711042666,0.5080860941145601
1091,13.017105472849648,0.5080860941145601
1092,13.058173234656628,0.5032928290757435
1093,13.17590081850331,0.5032928290757435
1094,13.214230729523159,0.4984534749500153
1095,13.258036342117272,0.49361412082428674
1096,13.304579805498518,0.49361412082428674
1097,13.329220462582708,0.49361412082428674
1098,13.3456475673055,0.49361412082428674
1099,13.479802255874972,0.49361412082428674
1100,13.485277957449236,0.49361412082428674
1101,13.504442912959162,0.48852531545496414
1102,13.507180763746293,0.48852531545496414
1103,13.531821420830482,0.4833829437133329
1104,13.564675630276067,0.4782405719717019
1105,13.753587334588183,0.47309820023007065
1106,13.863101366073467,0.4679558284884392
1107,13.871314918434862,0.4679558284884392
1108,13.885004172370524,0.46275631928301203
1109,13.942499038900298,0.46275631928301203
1110,13.969877546771619,0.46275631928301203
1111,14.019158860939996,0.46275631928301203
1112,14.109507936915357,0.46275631928301203
1113,14.120459340063885,0.46275631928301203
1114,14.150575698722337,0.46275631928301203
1115,14.25735187942049,0.46275631928301203
1116,14.262827580994754,0.46275631928301203
1117,14.39972012035136,0.46275631928301203
1118,14.418885075861283,0.46275631928301203
1119,14.44078788215834,0.46275631928301203
1120,14.462690688455396,0.456823545958871
1121,14.542088361282229,0.456823545958871
1122,14.56946686915355,0.456823545958871
1123,14.626961735683324,0.456823545958871
1124,14.678980900638832,0.45065025479726434
1125,14.684456602213096,0.45065025479726434
1126,14.758378573465663,0.45065025479726434
1127,14.889795411248004,0.4443030681099791
1128,14.950028128564911,0.4443030681099791
1129,15.412724911590235,0.4443030681099791
1130,15.524976793862653,0.4443030681099791
1131,15.697461393451974,0.4443030681099791
1132,15.878159545402694,0.4443030681099791
1133,15.943867964293863,0.4443030681099791
1134,16.04243059263062,0.4443030681099791
1135,16.04516844341775,0.4443030681099791
1136,16.075284802076204,0.4443030681099791
1137,16.228604446155604,0.4443030681099791
1138,16.286099312685376,0.4443030681099791
1139,16.288837163472508,0.4443030681099791
1140,16.54071943588866,0.4443030681099791
1141,16.55440868982432,0.4443030681099791
1142,16.595476451631303,0.43636908475087227
1143,16.628330661076888,0.43636908475087227
1144,16.683087676819532,0.43636908475087227
1145,16.70499048311659,0.43636908475087227
1146,16.819980216176138,0.43636908475087227
1147,16.861047977983116,0.4278128281871296
1148,16.945921352384214,0.4278128281871296
1149,16.948659203171346,0.4278128281871296
1150,16.970562009468402,0.4278128281871296
1151,17.017105472849646,0.4278128281871296
1152,17.063648936230894,0.4278128281871296
1153,17.093765294889348,0.41830587644963785
1154,17.175900818503308,0.41830587644963785
1155,17.27993914841433,0.40857783281127424
1156,17.32374476100844,0.40857783281127424
1157,17.446948046429387,0.40857783281127424
1158,17.545510674766142,0.40857783281127424
1159,17.564675630276067,0.40857783281127424
1160,17.728946677503995,0.40857783281127424
1161,17.77549014088524,0.40857783281127424
1162,17.797392947182296,0.40857783281127424
1163,17.811082201117955,0.396904180445238
1164,17.822033604266487,0.3852305280792015
1165,17.82750930584075,0.3735568757131651
1166,17.832985007415015,0.3735568757131651
1167,17.838460708989277,0.3611049798560596
1168,17.88226632158339,0.348653083998954
1169,18.1560514002966,0.348653083998954
1170,18.249138327059093,0.348653083998954
1171,18.262827580994752,0.348653083998954
1172,18.32306029831166,0.348653083998954
1173,18.402457971138492,0.348653083998954
1174,18.42436077743555,0.348653083998954
1175,18.503758450262378,0.348653083998954
1176,18.591369675450604,0.33205055618948
1177,18.70088370693589,0.33205055618948
1178,18.81587343999544,0.33205055618948
1179,18.851465500228155,0.33205055618948
1180,18.9746687856491,0.33205055618948
1181,19.505811838352727,0.33205055618948
1182,19.84804318674424,0.30991385244351455
1183,19.96577077059092,0.30991385244351455
1184,20.09444975758613,0.30991385244351455
1185,20.11087686230892,0.2840876980732217
1186,20.288837163472508,0.2840876980732217
1187,20.88021293349304,0.2840876980732217
1188,21.76180088694958,0.2840876980732217
1189,22.073915876682637,0.2840876980732217
1190,22.224497669974905,0.2840876980732217
1191,22.383293015628567,0.2840876980732217
1192,22.405195821925624,0.2840876980732217
1193,24.6036900039927,0.2840876980732217
1194,24.850096574834588,0.2840876980732217
1195,24.852834425621722,0.2840876980732217
1196,25.520870017681954,0.0
